geo,type,product_1_name,product_1_url,product_2_name,product_2_url,recommendation
Portugal,terrain_viz,3D model of Portugal terrain,https://shustrik-maps.com/product/3d-model-of-portugal-terrain/,Portugal 3D Model Terrain Map,https://shustrik-maps.com/product/portugal-3d-model-terrain-map/,"НЕ редиректить автоматически — открыть обе карточки, сравнить контент/качество модели, решить: объединить в одну (редирект слабой на сильную) или развести по разным намерениям (напр. одна = для CNC, другая = для рендера)"
Afghanistan,terrain_viz,Afghanistan 3D Model Terrain Map,https://shustrik-maps.com/product/afghanistan-3d-model-terrain-map/,Afghanistan Terrain 3D model,https://shustrik-maps.com/product/afghanistan-terrain-3d-model/,"НЕ редиректить автоматически — открыть обе карточки, сравнить контент/качество модели, решить: объединить в одну (редирект слабой на сильную) или развести по разным намерениям (напр. одна = для CNC, другая = для рендера)"
Africa,terrain_viz,Africa 3D Model,https://shustrik-maps.com/product/3d-model-of-africa-relief/,Africa Map 3D Model,https://shustrik-maps.com/product/africa-3d-model-terrain/,"НЕ редиректить автоматически — открыть обе карточки, сравнить контент/качество модели, решить: объединить в одну (редирект слабой на сильную) или развести по разным намерениям (напр. одна = для CNC, другая = для рендера)"
Azerbaijan,terrain_viz,Azerbaijan 3D Model Terrain Map,https://shustrik-maps.com/product/azerbaijan-3d-model-terrain-map/,Azerbaijan 3D model terrain,https://shustrik-maps.com/product/azerbaijan-3d-model-terrain/,"НЕ редиректить автоматически — открыть обе карточки, сравнить контент/качество модели, решить: объединить в одну (редирект слабой на сильную) или развести по разным намерениям (напр. одна = для CNC, другая = для рендера)"
Australia,terrain_viz,Australia 3D Map,https://shustrik-maps.com/product/australia-3d-map/,Terrain Map of Australia 3D Model,https://shustrik-maps.com/product/australia-3d-model-terrain/,"НЕ редиректить автоматически — открыть обе карточки, сравнить контент/качество модели, решить: объединить в одну (редирект слабой на сильную) или развести по разным намерениям (напр. одна = для CNC, другая = для рендера)"
Brazil,terrain_viz,Brazil 3D model terrain,https://shustrik-maps.com/product/brazil-3d-model-terrain/,Brazil Terrain 3D Model,https://shustrik-maps.com/product/brazil-terrain-3d-model/,"НЕ редиректить автоматически — открыть обе карточки, сравнить контент/качество модели, решить: объединить в одну (редирект слабой на сильную) или развести по разным намерениям (напр. одна = для CNC, другая = для рендера)"
China,terrain_viz,China 3D Model Terrain,https://shustrik-maps.com/product/china-3d-model-terrain/,China 3D Map,https://shustrik-maps.com/product/china-3d-map/,"НЕ редиректить автоматически — открыть обе карточки, сравнить контент/качество модели, решить: объединить в одну (редирект слабой на сильную) или развести по разным намерениям (напр. одна = для CNC, другая = для рендера)"
India,terrain_viz,India 3D Model Terrain Map,https://shustrik-maps.com/product/india-3d-model-terrain-map/,India 3d map,https://shustrik-maps.com/product/india-3d-map/,"НЕ редиректить автоматически — открыть обе карточки, сравнить контент/качество модели, решить: объединить в одну (редирект слабой на сильную) или развести по разным намерениям (напр. одна = для CNC, другая = для рендера)"
Israel,terrain_viz,Israel 3D Model Terrain Map,https://shustrik-maps.com/product/israel-3d-model-terrain-map/,Israel 3D Map,https://shustrik-maps.com/product/israel-3d-map/,"НЕ редиректить автоматически — открыть обе карточки, сравнить контент/качество модели, решить: объединить в одну (редирект слабой на сильную) или развести по разным намерениям (напр. одна = для CNC, другая = для рендера)"
Japan,terrain_viz,Japan 3D model terrain,https://shustrik-maps.com/product/japan-3d-model-terrain/,Japan Map 3D model,https://shustrik-maps.com/product/japan-map-3d-model/,"НЕ редиректить автоматически — открыть обе карточки, сравнить контент/качество модели, решить: объединить в одну (редирект слабой на сильную) или развести по разным намерениям (напр. одна = для CNC, другая = для рендера)"
North America,terrain_viz,North America 3D model,https://shustrik-maps.com/product/north-america-3d-model/,North America Map 3D Model,https://shustrik-maps.com/product/north-america-3d-model-terrain/,"НЕ редиректить автоматически — открыть обе карточки, сравнить контент/качество модели, решить: объединить в одну (редирект слабой на сильную) или развести по разным намерениям (напр. одна = для CNC, другая = для рендера)"
Montana,terrain_viz,Montana 3D model terrain,https://shustrik-maps.com/product/montana-3d-model-terrain/,Montana State Terrain Map 3D Model,https://shustrik-maps.com/product/montana-state-terrain-map-3d-model/,"НЕ редиректить автоматически — открыть обе карточки, сравнить контент/качество модели, решить: объединить в одну (редирект слабой на сильную) или развести по разным намерениям (напр. одна = для CNC, другая = для рендера)"
New Zealand,terrain_viz,New Zealand Terrain Map 3D Model,https://shustrik-maps.com/product/new-zealand-3d-model-terrain-map/,New Zealand 3D Map,https://shustrik-maps.com/product/new-zealand-3d-map/,"НЕ редиректить автоматически — открыть обе карточки, сравнить контент/качество модели, решить: объединить в одну (редирект слабой на сильную) или развести по разным намерениям (напр. одна = для CNC, другая = для рендера)"
Panama,stl_cnc,Panama Topographic Map – 3D Model,https://shustrik-maps.com/product/panama-topographic-map-3d-model/,Panama Topographic Map – 3D Model for 3D Printing & CNC Carving,https://shustrik-maps.com/product/panama-stl-model/,"НЕ редиректить автоматически — открыть обе карточки, сравнить контент/качество модели, решить: объединить в одну (редирект слабой на сильную) или развести по разным намерениям (напр. одна = для CNC, другая = для рендера)"
Austria,relief_legacy,Relief map of Austria,https://shustrik-maps.com/product/relief-map-of-austria/,Relief map of Austria 3D model,https://shustrik-maps.com/product/relief-map-of-austria-3d-model/,"НЕ редиректить автоматически — открыть обе карточки, сравнить контент/качество модели, решить: объединить в одну (редирект слабой на сильную) или развести по разным намерениям (напр. одна = для CNC, другая = для рендера)"
France,relief_legacy,Relief map of France,https://shustrik-maps.com/product/relief-map-of-france/,Relief map of France 3D model,https://shustrik-maps.com/product/relief-map-of-france-3d-model/,"НЕ редиректить автоматически — открыть обе карточки, сравнить контент/качество модели, решить: объединить в одну (редирект слабой на сильную) или развести по разным намерениям (напр. одна = для CNC, другая = для рендера)"
Germany,relief_legacy,Relief map of Germany,https://shustrik-maps.com/product/relief-map-of-germany/,Relief map of Germany 3D model,https://shustrik-maps.com/product/relief-map-of-germany-3d-model/,"НЕ редиректить автоматически — открыть обе карточки, сравнить контент/качество модели, решить: объединить в одну (редирект слабой на сильную) или развести по разным намерениям (напр. одна = для CNC, другая = для рендера)"
Switzerland,relief_legacy,Relief map of Switzerland,https://shustrik-maps.com/product/relief-map-of-switzerland/,Relief map of Switzerland 3D model,https://shustrik-maps.com/product/relief-map-of-switzerland-3d-model/,"НЕ редиректить автоматически — открыть обе карточки, сравнить контент/качество модели, решить: объединить в одну (редирект слабой на сильную) или развести по разным намерениям (напр. одна = для CNC, другая = для рендера)"
