name,url,slug
Florida State Rendering Fee,https://shustrik-maps.com/product/florida-state-rendering-fee/,florida-state-rendering-fee
Map,https://shustrik-maps.com/product/test/,test
Prepayment Earth Regular Dodecahedron,https://shustrik-maps.com/product/prepayment-earth-regular-dodecaedron/,prepayment-earth-regular-dodecaedron
Prepayment for 3D model,https://shustrik-maps.com/product/prepayment-for-3d-model-5/,prepayment-for-3d-model-5
Prepayment for 3D model,https://shustrik-maps.com/product/prepayment-for-3d-model-4/,prepayment-for-3d-model-4
Prepayment for 3D model NC,https://shustrik-maps.com/product/prepayment-for-3d-model-nc/,prepayment-for-3d-model-nc
Prepayment for 3D model,https://shustrik-maps.com/product/prepayment-for-3d-model/,prepayment-for-3d-model
Prepayment for 3D model 2,https://shustrik-maps.com/product/prepayment-for-3d-model-2/,prepayment-for-3d-model-2
Prepayment for 3D model California,https://shustrik-maps.com/product/prepayment-for-3d-model-california/,prepayment-for-3d-model-california
Prepayment for 3D model Ermoupolis,https://shustrik-maps.com/product/prepayment-for-3d-model-ermoupolis/,prepayment-for-3d-model-ermoupolis
Prepayment for 3D model Globe zoom 400,https://shustrik-maps.com/product/prepayment-for-3d-model-globe/,prepayment-for-3d-model-globe
Prepayment for 3D model Hands,https://shustrik-maps.com/product/prepayment-for-3d-model-hands/,prepayment-for-3d-model-hands
Prepayment for 3D model Isla Nublar from Jurassic Park,https://shustrik-maps.com/product/prepayment-for-3d-model-isla-nublar-from-jurassic-park/,prepayment-for-3d-model-isla-nublar-from-jurassic-park
Prepayment for 3D model Russia,https://shustrik-maps.com/product/prepayment-for-3d-model-russia/,prepayment-for-3d-model-russia
Prepayment for 3D model 3,https://shustrik-maps.com/product/prepayment-for-3d-model-3/,prepayment-for-3d-model-3
Prepayment for 3D model Buildings,https://shustrik-maps.com/product/prepayment-for-3d-model-buildings/,prepayment-for-3d-model-buildings
Prepayment for 3D model GAZA,https://shustrik-maps.com/product/prepayment-for-3d-model-gaza/,prepayment-for-3d-model-gaza
Prepayment for 3D model Moon,https://shustrik-maps.com/product/prepayment-for-3d-model-moon/,prepayment-for-3d-model-moon
Prepayment for 3D model Table,https://shustrik-maps.com/product/prepayment-for-3d-model-table/,prepayment-for-3d-model-table
Prepayment for 3D model Turkey Site,https://shustrik-maps.com/product/prepayment-for-3d-model-turkey-site/,prepayment-for-3d-model-turkey-site
Prepayment for 3D model+vector,https://shustrik-maps.com/product/prepayment-for-3d-modelvector/,prepayment-for-3d-modelvector
Prepayment for 3D models,https://shustrik-maps.com/product/prepayment-for-3d-models-3/,prepayment-for-3d-models-3
Prepayment for 3D models,https://shustrik-maps.com/product/prepayment-for-3d-models-2/,prepayment-for-3d-models-2
Prepayment for 3D models Gores12,https://shustrik-maps.com/product/prepayment-for-3d-models-gores12/,prepayment-for-3d-models-gores12
Prepayment for 3D models Ukraine,https://shustrik-maps.com/product/prepayment-for-3d-models-ukraine/,prepayment-for-3d-models-ukraine
Prepayment for 3D models_,https://shustrik-maps.com/product/prepayment-for-3d-models_/,prepayment-for-3d-models_
Prepayment for 3D model Mexico+,https://shustrik-maps.com/product/prepayment-for-3d-model-mexico/,prepayment-for-3d-model-mexico
Prepayment for 3D models,https://shustrik-maps.com/product/prepayment-for-3d-models/,prepayment-for-3d-models
Prepayment for ADD,https://shustrik-maps.com/product/prepayment-for-add/,prepayment-for-add
Prepayment for Earth Full Color Model,https://shustrik-maps.com/product/prepayment-for-earth-full-color-model/,prepayment-for-earth-full-color-model
Prepayment for MAP,https://shustrik-maps.com/product/prepayment-for-map/,prepayment-for-map
Prepayment for MAP3,https://shustrik-maps.com/product/prepayment-for-map3/,prepayment-for-map3
Prepayment for Python script,https://shustrik-maps.com/product/prepayment-for-python-script/,prepayment-for-python-script
Prepayment for Render,https://shustrik-maps.com/product/prepayment-for-render-2/,prepayment-for-render-2
Prepayment for Renders,https://shustrik-maps.com/product/prepayment-for-renders-2/,prepayment-for-renders-2
Prepayment for Satellite Maps,https://shustrik-maps.com/product/prepayment-for-satellite-maps/,prepayment-for-satellite-maps
Prepayment for Renders,https://shustrik-maps.com/product/prepayment-for-renders/,prepayment-for-renders
Prepayment for Render,https://shustrik-maps.com/product/prepayment-for-render/,prepayment-for-render
Prepayment for Satellite Map,https://shustrik-maps.com/product/prepayment-for-satellite-map/,prepayment-for-satellite-map
