group,category,url,format,seo_title,meta_description,h1,primary_keyword,secondary_keywords,lsi_keywords
3D Models (OBJ/FBX/C4D),Solar System,https://shustrik-maps.com/product-category/3d-models/solar-system/,OBJ/FBX/C4D,"Solar System 3D Models – Planets & Moons for Blender, C4D, Unreal","Realistic 3D models of the planets and moons in OBJ, FBX and C4D formats, built from real NASA elevation and texture data. Ready for animation, games and visualization.",Solar System 3D Models,solar system 3d models,planet 3d models; 3d model of the moon; mars 3d model; realistic planet models for blender,"planetary terrain model, NASA elevation data 3D print, lunar surface model, planet texture map, space visualization 3D"
3D Models (OBJ/FBX/C4D),World,https://shustrik-maps.com/product-category/3d-models/world/,OBJ/FBX/C4D,World Map 3D Models – Earth Terrain for Animation & Games,"3D world map models of Earth with accurate terrain and satellite texture, in OBJ/FBX/C4D. Perfect for globe animations, intros and game environments.",World Map 3D Models,world map 3d model,earth 3d model; globe 3d model; world terrain model; earth animation model,"digital globe model, earth terrain texture, world map projection 3D, animated earth model, low-poly earth model"
3D Models (OBJ/FBX/C4D),Continents,https://shustrik-maps.com/product-category/3d-models/continents-3d-models/,OBJ/FBX/C4D,"Continent 3D Terrain Models – Africa, Asia, Europe & More","Textured 3D terrain models of every continent — Africa, Asia, Europe, North & South America, Australia, Antarctica — for visualization, games and design.",Continent 3D Terrain Models,continent 3d model,africa 3d model; asia 3d model; europe 3d model; continent terrain map,"continental relief model, world regions 3D, continent elevation data, textured landmass model"
3D Models (OBJ/FBX/C4D),Peninsulas,https://shustrik-maps.com/product-category/3d-models/peninsulas/,OBJ/FBX/C4D,Peninsula 3D Terrain Models – Regional Landform Maps,"3D terrain models of the world's major peninsulas, textured with satellite imagery for use in visualization, games and design projects.",Peninsula 3D Terrain Models,peninsula 3d model,peninsula terrain model; regional 3d landform; coastal terrain model,"landform terrain model, coastal relief 3D, regional geography model"
3D Models (OBJ/FBX/C4D),Islands,https://shustrik-maps.com/product-category/3d-models/islands-3d-models/,OBJ/FBX/C4D,Island 3D Terrain Models – Textured Island Maps for Design,"Detailed 3D terrain models of islands worldwide, with satellite-textured surfaces, ready for Blender, Cinema 4D and game engines.",Island 3D Terrain Models,island 3d model,island terrain model; tropical island 3d model; island map 3d,"island landform model, coastal island terrain, textured island mesh"
3D Models (OBJ/FBX/C4D),Countries,https://shustrik-maps.com/product-category/3d-models/countries-3d-models/,OBJ/FBX/C4D,Country 3D Terrain Models – Textured Maps for Visualization,"3D terrain models of countries worldwide with satellite-draped textures, in OBJ/FBX/C4D. Ideal for Blender, Cinema 4D, Unreal Engine and architecture visualization.",Country 3D Terrain Models,country 3d terrain model,country terrain model; national map 3d model; textured country map,"country relief model, national terrain texture, digital terrain model by country, geography visualization model"
3D Models (OBJ/FBX/C4D),States of America,https://shustrik-maps.com/product-category/3d-models/states-of-america-3d-models/,OBJ/FBX/C4D,US State 3D Terrain Models – American States for Visualization,"Textured 3D terrain models of every US state, built for Blender, Cinema 4D and Unreal Engine visualization projects.",US State 3D Terrain Models,us state 3d terrain model,state terrain model; american state 3d map; state elevation model,"state relief model, US topography visualization, state terrain texture"
3D Models (OBJ/FBX/C4D),Canadian Provinces,https://shustrik-maps.com/product-category/3d-models/canadian-provinces-3d-models/,OBJ/FBX/C4D,Canadian Province 3D Terrain Models – Textured Regional Maps,"3D terrain models of Canadian provinces and territories, textured with satellite imagery, for visualization and design.",Canadian Province 3D Terrain Models,canadian province 3d model,province terrain model; canada region 3d map; territory terrain model,"province relief model, Canada terrain visualization, regional Canadian map"
3D Models (OBJ/FBX/C4D),Canyons & Parks,https://shustrik-maps.com/product-category/3d-models/canyons/,OBJ/FBX/C4D,Canyon & National Park 3D Terrain Models – Grand Canyon & More,"3D terrain models of famous canyons and national parks, including the Grand Canyon, with accurate elevation and satellite texture.",Canyon & National Park 3D Terrain Models,canyon 3d terrain model,national park 3d model; grand canyon 3d model; canyon terrain visualization,"canyon relief model, national park terrain, landmark terrain visualization"
3D Models (OBJ/FBX/C4D),Cities,https://shustrik-maps.com/product-category/3d-models/cities/,OBJ/FBX/C4D,City 3D Terrain Models – Urban Relief for Visualization,"3D terrain models of cities showing urban relief and surroundings, textured for architectural visualization and design projects.",City 3D Terrain Models,city 3d terrain model,urban terrain model; city relief map 3d; city visualization model,"urban relief 3D, city elevation model, architectural site model"
3D Models (OBJ/FBX/C4D),Buildings,https://shustrik-maps.com/product-category/3d-models/buildings/,OBJ/FBX/C4D,Landmark Building 3D Models – Architectural Visualization,"Detailed 3D models of famous buildings and landmarks — Burj Khalifa, Sydney Opera House and more — for architectural visualization and rendering.",Landmark Building 3D Models,landmark building 3d model,famous building 3d model; architecture 3d model; landmark visualization model,"architectural 3D model, building visualization, landmark 3D rendering"
3D Models (OBJ/FBX/C4D),Minecraft,https://shustrik-maps.com/product-category/3d-models/other/minecraft/,OBJ/FBX/C4D,Minecraft 3D Printable Models – Game Character STL Files,"3D printable Minecraft-inspired models for collectors, gamers and hobbyists, ready for FDM and resin printers.",Minecraft 3D Printable Models,minecraft 3d model,minecraft stl model; game character 3d print; minecraft figure model,"voxel 3D print, game character STL, minecraft printable figure"
3D Models (OBJ/FBX/C4D),Other / Art,https://shustrik-maps.com/product-category/3d-models/other/,OBJ/FBX/C4D,Art & Special 3D Models – Unique Geographic & Novelty Designs,"A collection of special-purpose 3D models — art pieces, novelty designs, and one-off geographic objects that don't fit a standard country/region template.",Art & Special 3D Models,art 3d model,novelty 3d model; special 3d design; decorative geographic model,"3D art model, novelty design print, decorative 3D geography"
3D Print/CNC (STL/STEP),Planets,https://shustrik-maps.com/product-category/cnc-models/planets/,STL/STEP,Planet STL Models – 3D Printable & CNC-Ready Planetary Surfaces,"STL and STEP files of planetary surfaces, ready for 3D printing and CNC milling, built from real elevation data.",Planet STL Models,planet stl model,buy planet 3d print model; planet cnc model; printable planet surface,"planetary STL file, CNC planet carving, 3D printable planet surface"
3D Print/CNC (STL/STEP),Satellites (Moons),https://shustrik-maps.com/product-category/cnc-models/satellites-cnc-models/,STL/STEP,Moon & Satellite STL Models – Printable Lunar Surfaces,"STL models of the Moon and other planetary satellites, ready for 3D printing and CNC carving, based on real lunar elevation data.",Moon & Satellite STL Models,moon stl model,lunar surface stl; moon 3d print model; satellite terrain stl,"lunar crater STL, moon surface 3D print, satellite elevation model"
3D Print/CNC (STL/STEP),Continents,https://shustrik-maps.com/product-category/cnc-models/continents-3d-print-cnc-models/,STL/STEP,Continent Topographic STL Models – 3D Printing & CNC Carving,"STL terrain models of every continent, ready for 3D printing and CNC carving, with accurate elevation data.",Continent Topographic STL Models,continent topographic map stl,continent relief stl; buy continent 3d print model; cnc continent map,"continent STL file, CNC continental relief, 3D printable continent map"
3D Print/CNC (STL/STEP),Countries,https://shustrik-maps.com/product-category/cnc-models/countries-3d-print-cnc-models/,STL/STEP,Country Topographic STL Models – 3D Printing & CNC Carving,"STL files of country terrain maps, ready to print or CNC carve, with accurate elevation data for every country on our catalog.",Country Topographic STL Models,country topographic map stl,country relief stl; buy country 3d print model; cnc country terrain,"country STL file, CNC country relief, 3D printable country terrain, DEM to STL"
3D Print/CNC (STL/STEP),Islands,https://shustrik-maps.com/product-category/cnc-models/islands-3d-print-cnc-models/,STL/STEP,Island Topographic STL Models – 3D Printing & CNC Carving,"STL terrain models of islands, ready for 3D printing and CNC milling, with accurate coastal and elevation detail.",Island Topographic STL Models,island topographic map stl,island relief stl; buy island 3d print model; cnc island terrain,"island STL file, CNC island relief, 3D printable island terrain"
3D Print/CNC (STL/STEP),States of America,https://shustrik-maps.com/product-category/cnc-models/states-of-america/,STL/STEP,US State Topographic STL Models – 3D Printing & CNC Carving,"STL terrain models of every US state, ready to 3D print or CNC carve, with accurate elevation data.",US State Topographic STL Models,state topographic map stl,state relief stl; buy state 3d print model; cnc state terrain,"US state STL file, CNC state relief, 3D printable state map"
3D Print/CNC (STL/STEP),Other (incl. Jewelry & Art),https://shustrik-maps.com/product-category/cnc-models/other-cnc-models/,STL/STEP,Novelty & Jewelry STL Models – Geo-Inspired 3D Prints,"A collection of special STL files — geo-inspired jewelry pendants, novelty models and one-off designs — ready for 3D printing.",Novelty & Jewelry STL Models,novelty stl model,geo pendant stl; map jewelry 3d print; novelty cnc model,"3D printed pendant, geographic jewelry STL, novelty 3D print model"
Fantasy (shared category),Fantasy Maps,https://shustrik-maps.com/product-category/fantasy-maps/,OBJ/STL,Fantasy Map 3D Models – Fictional Worlds for Printing & Visualization,"3D terrain models of fictional maps — Middle Earth, Westeros and more — available for both 3D printing/CNC and visualization use.",Fantasy Map 3D Models,fantasy map 3d model,middle earth 3d model; westeros map 3d model; fictional world terrain model,"fantasy terrain model, fictional map 3D print, game world map model"
Maps (TIF/PSD/SVG),Satellite Maps,https://shustrik-maps.com/product-category/3d-renders/satellite-maps/,GeoTIFF/PSD,Satellite Maps – High-Resolution GeoTIFF Downloads by Country,"High-resolution satellite maps in GeoTIFF and layered PSD format, covering countries, states and regions worldwide, for GIS and design use.",Satellite Maps,satellite map download,high resolution satellite imagery; geotiff satellite map; country satellite map,"satellite basemap, GIS raster imagery, orthophoto download, satellite imagery for design"
Maps (TIF/PSD/SVG),Night Satellite Map,https://shustrik-maps.com/product-category/3d-renders/night-satellite-map/,GeoTIFF/PSD,Night Satellite Maps – Earth at Night City Lights Imagery,"High-resolution night-time satellite imagery showing city lights by country and region, in GeoTIFF format for design and visualization.",Night Satellite Maps,night satellite map,earth at night map; city lights satellite image; night earth imagery,"light pollution map, nighttime satellite photo, urban lights aerial view"
Maps (TIF/PSD/SVG),Heightmaps / Raster DEM,https://shustrik-maps.com/product-category/3d-renders/heightmap-raster-dem/,GeoTIFF DEM,Heightmaps & DEM Files – Digital Elevation Models for GIS,"Grayscale heightmaps and raster DEM files for terrain generation, GIS analysis and game development, geo-referenced and high resolution.",Heightmaps & Raster DEM,heightmap dem download,digital elevation model download; dem geotiff; heightmap for game engine,"grayscale elevation raster, DEM file download, terrain heightmap for Unity/Unreal"
Maps (TIF/PSD/SVG),Relief Maps,https://shustrik-maps.com/product-category/3d-renders/relief-maps/,PSD/GeoTIFF,Relief Maps – Shaded Topographic Map Downloads,"Shaded relief maps showing terrain topography, available as layered PSD and GeoTIFF files for design, print and education.",Relief Maps,relief map download,shaded relief map; topographic relief image; physical relief map,"relief shading map, physical map download, classic cartographic relief"
Maps (TIF/PSD/SVG),3D Maps,https://shustrik-maps.com/product-category/3d-renders/3d-maps/,PSD/Render,3D Map Renders – Ready-Made Terrain Visualizations,"Pre-rendered 3D map images combining terrain and satellite texture, ready for direct use in presentations, posters and designs.",3D Map Renders,3d map render,3d terrain render image; ready made 3d map; terrain visualization render,"pre-rendered terrain map, 3D map poster image, terrain visualization graphic"
Maps (TIF/PSD/SVG),Historical Maps,https://shustrik-maps.com/product-category/3d-renders/historical-maps/,PSD/Print,Historical Maps – Vintage Relief & Topographic Reproductions,"Digitized historical and vintage relief maps, restored and available in high-resolution PSD format for history lovers, museums and décor.",Historical Maps,historical map download,vintage map download; antique relief map; old topographic map,"antique cartography, vintage map reproduction, historical relief map"
Maps (TIF/PSD/SVG),Outline Maps,https://shustrik-maps.com/product-category/3d-renders/outline-maps/,SVG,Outline Maps – Vector Border Maps in SVG Format,"Clean vector outline maps with country and state borders, in SVG format, for design, education and cartographic projects.",Outline Maps,outline map svg,blank outline map; vector country borders; printable outline map,"SVG map outline, blank map template, vector border map"
Maps (TIF/PSD/SVG),Elevation Maps,https://shustrik-maps.com/product-category/3d-renders/elevation-maps/,GeoTIFF,Elevation Maps – Digital Elevation Data in GeoTIFF Format,"Geo-referenced elevation maps in GeoTIFF format, ideal for GIS analysis, terrain modeling and scientific visualization.",Elevation Maps,elevation map geotiff,digital elevation model geotiff; elevation data download; dem raster file,"elevation raster GeoTIFF, DEM data download, terrain elevation model"
Maps (TIF/PSD/SVG),Various Map Projections,https://shustrik-maps.com/3d-models-and-maps-in-various-map-projections/,Mixed,"World Map Projections – Dymaxion, AuthaGraph & More in 3D","A collection of world maps in alternative projections — Dymaxion, AuthaGraph and others — as 3D models and printable files.",World Map Projections,world map projection 3d model,dymaxion map 3d model; authagraph map 3d model; alternative world projection,"map projection model, dymaxion globe, authagraph world map"
