name,url,recommendation
Florida State Rendering Fee,https://shustrik-maps.com/product/florida-state-rendering-fee/,noindex + исключить из sitemap.xml
Map,https://shustrik-maps.com/product/test/,noindex + исключить из sitemap.xml
Prepayment Earth Regular Dodecahedron,https://shustrik-maps.com/product/prepayment-earth-regular-dodecaedron/,noindex + исключить из sitemap.xml
Prepayment for 3D model,https://shustrik-maps.com/product/prepayment-for-3d-model-5/,noindex + исключить из sitemap.xml
Prepayment for 3D model,https://shustrik-maps.com/product/prepayment-for-3d-model-4/,noindex + исключить из sitemap.xml
Prepayment for 3D model NC,https://shustrik-maps.com/product/prepayment-for-3d-model-nc/,noindex + исключить из sitemap.xml
Prepayment for 3D model,https://shustrik-maps.com/product/prepayment-for-3d-model/,noindex + исключить из sitemap.xml
Prepayment for 3D model 2,https://shustrik-maps.com/product/prepayment-for-3d-model-2/,noindex + исключить из sitemap.xml
Prepayment for 3D model California,https://shustrik-maps.com/product/prepayment-for-3d-model-california/,noindex + исключить из sitemap.xml
Prepayment for 3D model Ermoupolis,https://shustrik-maps.com/product/prepayment-for-3d-model-ermoupolis/,noindex + исключить из sitemap.xml
Prepayment for 3D model Globe zoom 400,https://shustrik-maps.com/product/prepayment-for-3d-model-globe/,noindex + исключить из sitemap.xml
Prepayment for 3D model Hands,https://shustrik-maps.com/product/prepayment-for-3d-model-hands/,noindex + исключить из sitemap.xml
Prepayment for 3D model Isla Nublar from Jurassic Park,https://shustrik-maps.com/product/prepayment-for-3d-model-isla-nublar-from-jurassic-park/,noindex + исключить из sitemap.xml
Prepayment for 3D model Russia,https://shustrik-maps.com/product/prepayment-for-3d-model-russia/,noindex + исключить из sitemap.xml
Prepayment for 3D model 3,https://shustrik-maps.com/product/prepayment-for-3d-model-3/,noindex + исключить из sitemap.xml
Prepayment for 3D model Buildings,https://shustrik-maps.com/product/prepayment-for-3d-model-buildings/,noindex + исключить из sitemap.xml
Prepayment for 3D model GAZA,https://shustrik-maps.com/product/prepayment-for-3d-model-gaza/,noindex + исключить из sitemap.xml
Prepayment for 3D model Moon,https://shustrik-maps.com/product/prepayment-for-3d-model-moon/,noindex + исключить из sitemap.xml
Prepayment for 3D model Table,https://shustrik-maps.com/product/prepayment-for-3d-model-table/,noindex + исключить из sitemap.xml
Prepayment for 3D model Turkey Site,https://shustrik-maps.com/product/prepayment-for-3d-model-turkey-site/,noindex + исключить из sitemap.xml
Prepayment for 3D model+vector,https://shustrik-maps.com/product/prepayment-for-3d-modelvector/,noindex + исключить из sitemap.xml
Prepayment for 3D models,https://shustrik-maps.com/product/prepayment-for-3d-models-3/,noindex + исключить из sitemap.xml
Prepayment for 3D models,https://shustrik-maps.com/product/prepayment-for-3d-models-2/,noindex + исключить из sitemap.xml
Prepayment for 3D models Gores12,https://shustrik-maps.com/product/prepayment-for-3d-models-gores12/,noindex + исключить из sitemap.xml
Prepayment for 3D models Ukraine,https://shustrik-maps.com/product/prepayment-for-3d-models-ukraine/,noindex + исключить из sitemap.xml
Prepayment for 3D models_,https://shustrik-maps.com/product/prepayment-for-3d-models_/,noindex + исключить из sitemap.xml
Prepayment for 3D model Mexico+,https://shustrik-maps.com/product/prepayment-for-3d-model-mexico/,noindex + исключить из sitemap.xml
Prepayment for 3D models,https://shustrik-maps.com/product/prepayment-for-3d-models/,noindex + исключить из sitemap.xml
Prepayment for ADD,https://shustrik-maps.com/product/prepayment-for-add/,noindex + исключить из sitemap.xml
Prepayment for Earth Full Color Model,https://shustrik-maps.com/product/prepayment-for-earth-full-color-model/,noindex + исключить из sitemap.xml
Prepayment for MAP,https://shustrik-maps.com/product/prepayment-for-map/,noindex + исключить из sitemap.xml
Prepayment for MAP3,https://shustrik-maps.com/product/prepayment-for-map3/,noindex + исключить из sitemap.xml
Prepayment for Python script,https://shustrik-maps.com/product/prepayment-for-python-script/,noindex + исключить из sitemap.xml
Prepayment for Render,https://shustrik-maps.com/product/prepayment-for-render-2/,noindex + исключить из sitemap.xml
Prepayment for Renders,https://shustrik-maps.com/product/prepayment-for-renders-2/,noindex + исключить из sitemap.xml
Prepayment for Satellite Maps,https://shustrik-maps.com/product/prepayment-for-satellite-maps/,noindex + исключить из sitemap.xml
Prepayment for Renders,https://shustrik-maps.com/product/prepayment-for-renders/,noindex + исключить из sitemap.xml
Prepayment for Render,https://shustrik-maps.com/product/prepayment-for-render/,noindex + исключить из sitemap.xml
Prepayment for Satellite Map,https://shustrik-maps.com/product/prepayment-for-satellite-map/,noindex + исключить из sitemap.xml
